{"stats":{"minecraft:used":{"minecraft:chest":52,"dynamictrees:oak_seed":66,"minecraft:rotten_flesh":3,"minecraft:torch":56,"minecraft:dirt":8,"minecraft:carrot":1,"rechiseled:cobblestone_brick_pattern":16,"rechiseled:birch_planks_diagonal_stripes":10,"minecraft:spruce_boat":10,"dynamictrees:birch_seed":4,"minecraft:stone_brick_stairs":11,"rechiseled:oak_planks_rotated_bricks":225,"minecraft:furnace":12,"minecraft:stone_pickaxe":737,"comforts:sleeping_bag_black":4,"minecraft:wooden_pickaxe":32,"mcwdoors:spruce_barn_door":4,"minecraft:crafting_table":6,"minecraft:white_bed":2,"minecraft:oak_log":27,"minecraft:bread":15,"minecraft:oak_pressure_plate":1,"minecraft:stone_axe":133,"minecraft:cobblestone":11,"cyclic:mattock_stone":1752,"rechiseled:cobblestone_pulverized":580,"minecraft:cooked_porkchop":10},"minecraft:mined":{"rustic_faming_and_decor:corn_2":1,"minecraft:white_bed":1,"minecraft:granite":1,"minecraft:grass_block":16,"rustic_faming_and_decor:corn_double":3,"rechiseled:birch_planks_diagonal_stripes":10,"autumnity:maple_log":5,"minecraft:large_fern":2,"dynamictrees:oak_leaves":1,"minecraft:tall_seagrass":11,"minecraft:furnace":3,"minecraft:carrots":1,"minecraft:iron_ore":3,"rustic_faming_and_decor:corn_mature":1,"minecraft:pumpkin":5,"mcwdoors:spruce_barn_door":2,"rechiseled:cobblestone_pulverized":59,"autumnity:maple_leaves":1,"minecraft:potatoes":13,"rustic_faming_and_decor:turnip_mature":1,"minecraft:pink_tulip":11,"minecraft:stone":2058,"cyclic:flower_absalon_tulip":1,"cyclic:flower_purple_tulip":5,"minecraft:powder_snow":6,"minecraft:crafting_table":5,"minecraft:torch":7,"minecraft:chest":4,"minecraft:tall_grass":4,"minecraft:copper_ore":19,"minecraft:cobblestone":7,"minecraft:lapis_ore":4,"minecraft:sugar_cane":1,"minecraft:wall_torch":12,"minecraft:seagrass":5,"rustic_faming_and_decor:pepper_double":2,"rustic_faming_and_decor:leek_mature":2,"rechiseled:oak_planks_rotated_bricks":2,"minecraft:wheat":4,"minecraft:orange_tulip":2,"minecraft:bee_nest":1,"minecraft:stone_brick_stairs":2,"minecraft:grass":7,"minecraft:coal_ore":132,"minecraft:dirt":159,"dynamictrees:oak_sapling":1,"rustic_faming_and_decor:pepper_2":1},"minecraft:picked_up":{"minecraft:crafting_table":5,"autumnity:maple_log":5,"dynamictrees:spruce_seed":23,"minecraft:stone_brick_stairs":2,"minecraft:raw_copper":66,"minecraft:beetroot":1,"comforts:sleeping_bag_black":5,"minecraft:cobbled_deepslate":3,"minecraft:bucket":1,"minecraft:spruce_planks":33,"dynamictrees:oak_seed":79,"minecraft:sugar_cane":5,"minecraft:chest":4,"minecraft:furnace":5,"minecraft:raw_iron":3,"minecraft:stick":288,"minecraft:torch":32,"minecraft:porkchop":15,"rustic_faming_and_decor:turnip_item":3,"tombstone:grave_dust":2,"minecraft:diorite":60,"minecraft:carrot":2,"rechiseled:birch_planks_diagonal_stripes":10,"rustic_faming_and_decor:pepper_item":18,"minecraft:rotten_flesh":5,"minecraft:pink_tulip":10,"minecraft:mutton":6,"minecraft:cobblestone":2302,"rechiseled:oak_planks_rotated_bricks":2,"minecraft:white_wool":4,"rechiseled:cobblestone_pulverized":59,"minecraft:birch_log":31,"minecraft:andesite":44,"minecraft:potato":13,"minecraft:oak_log":187,"minecraft:lapis_lazuli":25,"minecraft:dirt":169,"cyclic:flower_purple_tulip":5,"minecraft:orange_tulip":2,"minecraft:iron_ingot":1,"dynamictrees:birch_seed":11,"rustic_faming_and_decor:corn_item":21,"mcwdoors:spruce_barn_door":3,"minecraft:pumpkin":5,"rustic_faming_and_decor:leek_item":13,"minecraft:gravel":1,"cyclic:flower_absalon_tulip":1,"minecraft:white_bed":1,"minecraft:spruce_log":73,"minecraft:spruce_boat":10,"minecraft:stone_axe":1,"minecraft:granite":48,"minecraft:bread":4,"minecraft:coal":190},"minecraft:custom":{"minecraft:mob_kills":16,"minecraft:interact_with_crafting_table":44,"minecraft:leave_game":1,"minecraft:time_since_death":225480,"minecraft:sprint_one_cm":585404,"minecraft:walk_one_cm":823208,"minecraft:drop":13,"minecraft:play_time":225480,"minecraft:sneak_time":6824,"minecraft:walk_under_water_one_cm":4473,"minecraft:boat_one_cm":325369,"minecraft:jump":2621,"minecraft:walk_on_water_one_cm":13009,"minecraft:total_world_time":225480,"minecraft:interact_with_furnace":23,"tombstone:raider_killed":1,"minecraft:sleep_in_bed":7,"minecraft:time_since_rest":1906,"minecraft:damage_taken":825,"minecraft:damage_dealt":2052,"minecraft:swim_one_cm":23159,"minecraft:fly_one_cm":481427,"minecraft:open_chest":79,"minecraft:crouch_one_cm":16955,"tombstone:undead_killed":3,"minecraft:fall_one_cm":62500},"minecraft:dropped":{"dynamictrees:birch_seed":6,"minecraft:milk_bucket":1,"minecraft:diorite":60,"minecraft:birch_log":10,"minecraft:gravel":1,"minecraft:furnace":1,"minecraft:stone_axe":1,"minecraft:cobbled_deepslate":3,"minecraft:raw_copper":2,"cyclic:flower_absalon_tulip":1,"minecraft:andesite":44},"minecraft:broken":{"cyclic:mattock_stone":1,"minecraft:stone_pickaxe":5,"minecraft:stone_axe":1},"minecraft:killed":{"minecraft:pig":8,"minecraft:sheep":4,"minecraft:pillager":1,"minecraft:zombie":3},"minecraft:crafted":{"cyclic:mattock_stone":3,"minecraft:oak_planks":668,"minecraft:oak_pressure_plate":1,"minecraft:furnace":9,"minecraft:stone":38,"minecraft:stone_pickaxe":6,"minecraft:chest":52,"autumnity:maple_planks":20,"minecraft:spruce_boat":1,"minecraft:stone_bricks":36,"cyclic:compressed_cobblestone":153,"minecraft:cooked_porkchop":15,"minecraft:crafting_table":2,"minecraft:spruce_planks":228,"minecraft:wooden_pickaxe":1,"mcwdoors:spruce_barn_door":2,"minecraft:birch_planks":84,"minecraft:stone_axe":3,"minecraft:air":0,"rechiseled:chisel":1,"minecraft:stone_brick_stairs":12,"minecraft:charcoal":10,"minecraft:cobblestone":261,"minecraft:stick":4,"minecraft:iron_ingot":2,"minecraft:white_bed":1,"minecraft:torch":40}},"DataVersion":3465}