{"stats":{"minecraft:mined":{"rustic_faming_and_decor:onion_mature":1,"minecraft:spruce_planks":6,"minecraft:granite":47,"minecraft:grass_block":203,"minecraft:white_stained_glass":2,"minecraft:hay_block":13,"minecraft:furnace":3,"minecraft:iron_ore":51,"minecraft:andesite":46,"rustic_faming_and_decor:corn_mature":1,"minecraft:pumpkin":3,"dynamictrees:spruce_leaves":5,"cyclic:flower_cyan":2,"minecraft:bell":2,"rustic_faming_and_decor:turnip_mature":1,"minecraft:deepslate_iron_ore":1,"minecraft:dirt_path":7,"minecraft:stone":841,"minecraft:spruce_slab":4,"minecraft:powder_snow":47,"minecraft:crafting_table":7,"minecraft:torch":5,"minecraft:tall_grass":9,"minecraft:copper_ore":16,"minecraft:lapis_ore":6,"minecraft:grindstone":9,"minecraft:diorite":20,"minecraft:wall_torch":4,"minecraft:spruce_stairs":11,"minecraft:cobblestone_wall":1,"rustic_faming_and_decor:leek_mature":13,"minecraft:ice":11,"minecraft:stone_brick_stairs":1,"minecraft:grass":59,"minecraft:coal_ore":32,"minecraft:oak_log":18,"minecraft:gravel":3,"minecraft:sand":111,"minecraft:dirt":48,"minecraft:stonecutter":7,"minecraft:deepslate":3},"minecraft:used":{"minecraft:oak_trapdoor":4,"minecraft:spruce_slab":52,"minecraft:chest":2,"minecraft:spruce_planks":6,"cyclic:emerald_shovel":412,"dynamictrees:oak_seed":11,"minecraft:bell":3,"minecraft:torch":11,"cyclic:emerald_sword":48,"minecraft:dirt":305,"minecraft:spruce_stairs":66,"minecraft:cobblestone_wall":1,"cyclic:emerald_pickaxe":70,"minecraft:spruce_boat":2,"minecraft:lantern":8,"minecraft:iron_axe":100,"minecraft:oak_stairs":3,"minecraft:stone_brick_stairs":17,"minecraft:furnace":3,"tombstone:gift":1,"minecraft:water_bucket":5,"minecraft:leather_leggings":1,"comforts:sleeping_bag_black":4,"minecraft:stone_pickaxe":94,"minecraft:oak_planks":104,"minecraft:wooden_pickaxe":34,"minecraft:stonecutter":8,"minecraft:sand":10,"minecraft:crafting_table":8,"minecraft:oak_log":172,"minecraft:apple":19,"minecraft:bread":22,"minecraft:spruce_trapdoor":4,"minecraft:stone_axe":3,"minecraft:cobblestone":2,"cyclic:mattock_stone":984,"minecraft:white_banner":1,"minecraft:grindstone":9,"minecraft:white_stained_glass":77,"minecraft:bucket":6,"minecraft:oak_boat":1,"minecraft:bone_meal":2},"minecraft:picked_up":{"minecraft:crafting_table":7,"minecraft:wheat":22,"dynamictrees:spruce_seed":1,"minecraft:oak_stairs":2,"minecraft:stone_brick_stairs":1,"minecraft:string":2,"minecraft:raw_copper":49,"minecraft:iron_axe":1,"rustic_faming_and_decor:onion_item":5,"minecraft:beetroot":1,"comforts:sleeping_bag_black":4,"minecraft:cobbled_deepslate":3,"minecraft:spruce_planks":9,"dynamictrees:oak_seed":48,"minecraft:spruce_slab":5,"minecraft:egg":2,"minecraft:furnace":3,"minecraft:stick":140,"minecraft:raw_iron":52,"minecraft:torch":10,"minecraft:spruce_stairs":10,"rustic_faming_and_decor:turnip_item":3,"tombstone:grave_dust":2,"minecraft:diorite":20,"minecraft:carrot":38,"minecraft:arrow":7,"minecraft:rotten_flesh":16,"minecraft:beetroot_seeds":2,"minecraft:hay_block":13,"minecraft:cobblestone":795,"minecraft:birch_log":2,"minecraft:andesite":46,"minecraft:potato":24,"minecraft:flint":2,"minecraft:oak_log":68,"minecraft:gunpowder":3,"minecraft:cobblestone_wall":1,"minecraft:lapis_lazuli":40,"minecraft:dirt":330,"minecraft:white_banner":1,"cyclic:flower_cyan":2,"minecraft:bone":8,"minecraft:bow":3,"cyclic:flower_purple_tulip":4,"minecraft:stonecutter":7,"minecraft:wheat_seeds":57,"minecraft:bell":2,"minecraft:grindstone":9,"dynamictrees:birch_seed":6,"rustic_faming_and_decor:corn_item":4,"minecraft:pumpkin":3,"rustic_faming_and_decor:leek_item":72,"minecraft:gravel":1,"minecraft:sand":105,"minecraft:spruce_log":9,"minecraft:spider_eye":1,"minecraft:spruce_boat":1,"minecraft:granite":47,"minecraft:bread":3,"minecraft:black_wool":6,"minecraft:coal":32},"minecraft:custom":{"minecraft:mob_kills":22,"minecraft:interact_with_crafting_table":68,"minecraft:bell_ring":2,"minecraft:leave_game":3,"minecraft:time_since_death":215596,"minecraft:climb_one_cm":144,"minecraft:sprint_one_cm":516879,"minecraft:walk_one_cm":667494,"minecraft:drop":36,"minecraft:talked_to_villager":32,"minecraft:play_time":215596,"minecraft:sneak_time":5575,"minecraft:walk_under_water_one_cm":10883,"minecraft:boat_one_cm":89460,"minecraft:jump":2115,"minecraft:interact_with_blast_furnace":1,"minecraft:walk_on_water_one_cm":32363,"minecraft:total_world_time":215596,"minecraft:interact_with_furnace":62,"tombstone:raider_killed":1,"minecraft:traded_with_villager":10,"minecraft:interact_with_loom":1,"minecraft:interact_with_stonecutter":5,"minecraft:interact_with_grindstone":1,"minecraft:sleep_in_bed":5,"minecraft:time_since_rest":10760,"minecraft:damage_taken":1149,"minecraft:damage_dealt":3645,"minecraft:swim_one_cm":16878,"minecraft:fly_one_cm":332449,"minecraft:open_chest":89,"minecraft:crouch_one_cm":18509,"tombstone:undead_killed":14,"minecraft:fall_one_cm":45710},"minecraft:dropped":{"minecraft:bread":7,"minecraft:wheat_seeds":2,"minecraft:feather":1,"minecraft:cobblestone":256,"minecraft:granite":47,"minecraft:dirt":1,"minecraft:diorite":20,"minecraft:oak_stairs":2,"minecraft:iron_axe":1,"minecraft:paper":1,"minecraft:gravel":1,"minecraft:cobbled_deepslate":3,"minecraft:wheat":7,"minecraft:beetroot":1,"minecraft:spruce_planks":2,"minecraft:andesite":46,"minecraft:bow":2,"comforts:sleeping_bag_black":1},"minecraft:killed":{"minecraft:spider":2,"minecraft:skeleton":4,"minecraft:creeper":3,"minecraft:pillager":1,"minecraft:zombie":10},"minecraft:crafted":{"minecraft:cherry_planks":16,"cyclic:mattock_stone":1,"minecraft:oak_planks":36,"cyclic:emerald_shovel":1,"minecraft:iron_nugget":63,"minecraft:furnace":1,"minecraft:stone":52,"minecraft:bone_meal":12,"minecraft:oak_trapdoor":4,"cyclic:emerald_pickaxe":1,"minecraft:glass":95,"minecraft:lantern":8,"minecraft:spruce_stairs":60,"minecraft:spruce_slab":48,"minecraft:stone_pickaxe":1,"minecraft:chest":2,"minecraft:spruce_boat":1,"cyclic:compressed_cobblestone":5,"minecraft:wheat":126,"minecraft:emerald":7,"minecraft:crafting_table":1,"minecraft:spruce_planks":144,"minecraft:wooden_pickaxe":1,"minecraft:bucket":1,"comforts:sleeping_bag_black":2,"minecraft:stone_axe":1,"minecraft:white_stained_glass":80,"minecraft:bread":5,"minecraft:air":0,"minecraft:apple":12,"minecraft:oak_boat":1,"minecraft:stone_brick_stairs":8,"minecraft:spruce_trapdoor":4,"minecraft:charcoal":1,"minecraft:white_dye":10,"minecraft:stick":4,"minecraft:iron_ingot":11,"minecraft:oak_stairs":4,"minecraft:stonecutter":1,"cyclic:emerald_sword":1,"minecraft:torch":12,"minecraft:shears":1}},"DataVersion":3465}