{"stats":{"minecraft:used":{"minecraft:beetroot":1,"minecraft:ladder":6,"minecraft:chest":4,"rustic_faming_and_decor:corn_item":15,"minecraft:rotten_flesh":4,"minecraft:iron_chestplate":1,"minecraft:mutton":10,"cfm:oak_blinds":9,"rechiseled:cobblestone_pillar":10,"cfm:oak_desk":5,"rustic_faming_and_decor:onion_item":14,"rechiseled:cobblestone_brick_pattern":32,"minecraft:milk_bucket":1,"minecraft:spruce_boat":9,"cyclic:flower_purple_tulip":3,"minecraft:iron_helmet":1,"rustic_faming_and_decor:leek_item":8,"travelersbackpack:red_sleeping_bag":11,"minecraft:sweet_berries":3,"minecraft:furnace":2,"rustic_faming_and_decor:cutting_board":2,"cyclic:copper_shovel":58,"minecraft:beetroot_seeds":1,"minecraft:egg":1,"handcrafted:wood_plate":3,"minecraft:potato":104,"dynamictrees:spruce_seed":5,"minecraft:leather_leggings":1,"minecraft:stone_pickaxe":131,"minecraft:oak_planks":79,"rustic_faming_and_decor:squash_item":2,"minecraft:wooden_pickaxe":3,"rustic_faming_and_decor:tomato_seeds":2,"rustic_faming_and_decor:cheese_press":2,"rechiseled:oak_planks_mosaic":36,"minecraft:crossbow":3,"rustic_faming_and_decor:churn":1,"minecraft:pumpkin_seeds":5,"cyclic:copper_axe":32,"cfm:oak_chair":2,"cfm:oak_kitchen_counter":5,"minecraft:dark_oak_log":2,"minecraft:bread":15,"minecraft:oak_pressure_plate":1,"mcwdoors:oak_barn_door":4,"cyclic:copper_pickaxe":472,"minecraft:oak_trapdoor":4,"cyclic:copper_pressure_plate":1,"minecraft:oak_fence":22,"rustic_faming_and_decor:wooden_scythe":12,"minecraft:stone_shovel":210,"minecraft:spruce_planks":45,"rustic_faming_and_decor:flour_mill":1,"dynamictrees:oak_seed":47,"minecraft:stone_hoe":1,"minecraft:torch":53,"minecraft:dirt":112,"minecraft:granite":4,"minecraft:oak_fence_gate":1,"minecraft:wooden_axe":31,"cfm:oak_bedside_cabinet":2,"minecraft:oak_stairs":129,"minecraft:barrel":4,"cfm:stripped_oak_upgraded_fence":17,"minecraft:beef":5,"cyclic:copper_lantern":6,"minecraft:wheat_seeds":37,"minecraft:water_bucket":4,"minecraft:baked_potato":4,"minecraft:crafting_table":11,"minecraft:oak_slab":170,"minecraft:white_bed":1,"minecraft:campfire":2,"minecraft:spruce_log":6,"rustic_faming_and_decor:oak_cab":2,"cyclic:copper_sword":8,"minecraft:oak_log":76,"minecraft:stone_axe":232,"minecraft:cobblestone":87,"minecraft:white_banner":2,"minecraft:porkchop":5,"minecraft:bucket":4,"minecraft:glass_pane":7,"rustic_faming_and_decor:wooden_rake":27},"minecraft:mined":{"rustic_faming_and_decor:corn_2":1,"rustic_faming_and_decor:onion_mature":6,"minecraft:spruce_planks":9,"minecraft:farmland":3,"rustic_faming_and_decor:corn_0":2,"cfm:stripped_oak_upgraded_fence":8,"minecraft:granite":3,"travelersbackpack:red_sleeping_bag":11,"minecraft:grass_block":90,"rustic_faming_and_decor:leek_stage_2":2,"rustic_faming_and_decor:leek_stage_0":2,"minecraft:oak_pressure_plate":1,"autumnity:maple_log":6,"minecraft:iron_ore":5,"minecraft:barrel":3,"minecraft:pumpkin":1,"autumnity:maple_leaves":19,"minecraft:oak_stairs":35,"autumnity:orange_maple_leaf_pile":1,"minecraft:brown_mushroom":1,"rustic_faming_and_decor:cheese_press":1,"minecraft:powder_snow":1,"minecraft:torch":3,"minecraft:poppy":1,"minecraft:chest":2,"cfm:oak_desk":3,"minecraft:cobblestone":66,"rustic_faming_and_decor:radish_mature":1,"minecraft:sugar_cane":1,"minecraft:oak_planks":13,"minecraft:wall_torch":9,"minecraft:pink_petals":5,"rustic_faming_and_decor:squash_1":1,"minecraft:wheat":6,"rustic_faming_and_decor:cutting_board":1,"minecraft:grass":14,"minecraft:oak_log":14,"minecraft:beetroots":1,"minecraft:sand":13,"minecraft:dirt":174,"rustic_faming_and_decor:squash_0":1,"autumnity:large_pumpkin_slice":8,"rechiseled:oak_planks_mosaic":1,"dynamictrees:spruce_sapling":1,"minecraft:ladder":3,"rustic_faming_and_decor:tomato_0":2,"rustic_faming_and_decor:corn_double":6,"minecraft:spruce_leaves":5,"minecraft:large_fern":1,"dynamictrees:oak_leaves":83,"mcwdoors:oak_barn_door":3,"minecraft:oak_trapdoor":1,"minecraft:andesite":1,"rustic_faming_and_decor:corn_mature":7,"dynamictrees:spruce_leaves":6,"minecraft:potatoes":7,"rustic_faming_and_decor:turnip_mature":1,"minecraft:stripped_oak_log":8,"cfm:oak_blinds":3,"minecraft:stone":425,"rustic_faming_and_decor:onion_stage_0":1,"rustic_faming_and_decor:pepper_mature":2,"minecraft:oak_slab":19,"cyclic:flower_absalon_tulip":4,"minecraft:glass_pane":1,"cyclic:flower_purple_tulip":14,"minecraft:oak_fence":2,"minecraft:crafting_table":10,"minecraft:campfire":1,"minecraft:tall_grass":2,"minecraft:copper_ore":36,"rustic_faming_and_decor:squash_mature":5,"rustic_faming_and_decor:oak_cab":1,"rustic_faming_and_decor:leek_mature":13,"minecraft:sweet_berry_bush":2,"minecraft:spruce_log":9,"minecraft:white_wall_banner":2,"minecraft:coal_ore":69,"minecraft:gravel":3,"dynamictrees:oak_sapling":2,"minecraft:fern":1},"minecraft:picked_up":{"minecraft:wooden_axe":3,"minecraft:iron_chestplate":1,"minecraft:wheat":48,"autumnity:maple_log":6,"minecraft:oak_stairs":36,"cyclic:crafting_stick":1,"minecraft:string":2,"minecraft:raw_copper":131,"minecraft:armor_stand":2,"rustic_faming_and_decor:onion_item":53,"minecraft:beetroot":1,"comforts:sleeping_bag_white":1,"minecraft:spruce_planks":17,"dynamictrees:oak_seed":121,"cfm:stripped_oak_upgraded_fence":8,"minecraft:stick":414,"minecraft:oak_fence":2,"minecraft:torch":12,"minecraft:porkchop":6,"minecraft:cherry_log":30,"rustic_faming_and_decor:turnip_item":8,"rustic_faming_and_decor:pitchfork":1,"rustic_faming_and_decor:pepper_item":30,"minecraft:rotten_flesh":4,"minecraft:cobblestone":500,"minecraft:birch_log":6,"minecraft:pink_petals":51,"minecraft:andesite":2,"minecraft:potato":136,"minecraft:flint":16,"minecraft:dirt":266,"rechiseled:oak_planks_mosaic":1,"minecraft:bone":2,"minecraft:wheat_seeds":92,"minecraft:oak_planks":13,"minecraft:stone_hoe":1,"rustic_faming_and_decor:leek_item":90,"minecraft:oak_pressure_plate":1,"minecraft:sand":13,"cyclic:flower_absalon_tulip":16,"minecraft:barrel":3,"minecraft:spruce_boat":9,"cyclic:copper_lantern":2,"autumnity:maple_sapling":2,"minecraft:crossbow":1,"minecraft:granite":4,"cfm:oak_desk":3,"minecraft:charcoal":2,"minecraft:crafting_table":10,"minecraft:ladder":3,"rustic_faming_and_decor:squash_item":46,"minecraft:brown_mushroom":2,"dynamictrees:spruce_seed":25,"minecraft:wooden_pickaxe":2,"rustic_faming_and_decor:wooden_rake":2,"mcwdoors:oak_barn_door":3,"minecraft:oak_trapdoor":1,"minecraft:beef":9,"minecraft:poppy":1,"rustic_faming_and_decor:tomato_seeds":6,"minecraft:sugar_cane":6,"minecraft:chest":3,"minecraft:egg":1,"minecraft:raw_iron":5,"cfm:oak_blinds":3,"minecraft:arrow":2,"minecraft:beetroot_seeds":13,"autumnity:large_pumpkin_slice":16,"rustic_faming_and_decor:wooden_scythe":2,"minecraft:mutton":14,"minecraft:white_wool":10,"minecraft:stripped_oak_log":8,"minecraft:leather":5,"travelersbackpack:red_sleeping_bag":11,"minecraft:oak_log":221,"minecraft:gunpowder":1,"minecraft:white_banner":3,"cyclic:flower_purple_tulip":29,"dynamictrees:birch_seed":5,"rustic_faming_and_decor:corn_item":74,"rustic_faming_and_decor:radish_item":9,"rustic_faming_and_decor:cutting_board":1,"rustic_faming_and_decor:cheese_press":1,"minecraft:oak_slab":22,"minecraft:milk_bucket":1,"minecraft:pumpkin":3,"minecraft:sweet_berries":52,"minecraft:gravel":3,"minecraft:spruce_sapling":5,"minecraft:spruce_log":24,"minecraft:spider_eye":1,"minecraft:pumpkin_seeds":5,"rustic_faming_and_decor:oak_cab":1,"minecraft:iron_helmet":1,"dynamictrees:cherry_seed":20,"minecraft:baked_potato":28,"tombstone:magic_scroll":1,"minecraft:coal":69,"handcrafted:wood_plate":3},"minecraft:custom":{"minecraft:animals_bred":1,"minecraft:interact_with_crafting_table":102,"minecraft:open_barrel":15,"minecraft:leave_game":1,"minecraft:time_since_death":165730,"minecraft:sprint_one_cm":440252,"minecraft:drop":50,"minecraft:play_time":244840,"minecraft:deaths":2,"minecraft:jump":2521,"minecraft:walk_on_water_one_cm":11124,"minecraft:interact_with_furnace":40,"minecraft:sleep_in_bed":11,"minecraft:damage_dealt":5041,"minecraft:crouch_one_cm":16902,"tombstone:undead_killed":4,"minecraft:mob_kills":34,"minecraft:interact_with_campfire":32,"minecraft:climb_one_cm":9666,"minecraft:walk_one_cm":854376,"minecraft:sneak_time":5208,"minecraft:walk_under_water_one_cm":8017,"minecraft:boat_one_cm":219199,"minecraft:total_world_time":244840,"tombstone:raider_killed":8,"minecraft:time_since_rest":37600,"minecraft:damage_taken":1268,"minecraft:swim_one_cm":29767,"minecraft:fly_one_cm":516222,"minecraft:open_chest":87,"minecraft:fall_one_cm":59394},"minecraft:dropped":{"minecraft:spruce_sign":1,"rustic_faming_and_decor:pepper_item":12,"minecraft:brown_mushroom":1,"minecraft:crafting_table":1,"dynamictrees:spruce_seed":12,"rustic_faming_and_decor:leek_item":18,"minecraft:flint":11,"minecraft:mutton":2,"rustic_faming_and_decor:tomato_seeds":2,"minecraft:armor_stand":2,"cyclic:crafting_stick":1,"minecraft:chest":1,"comforts:sleeping_bag_white":2,"handcrafted:wood_plate":3,"minecraft:wheat_seeds":50,"minecraft:cobblestone":4,"minecraft:wooden_axe":4,"minecraft:oak_stairs":1,"minecraft:white_banner":1,"dynamictrees:cherry_seed":10,"minecraft:bucket":1,"minecraft:sweet_berries":26,"minecraft:spruce_boat":2,"minecraft:spruce_planks":8,"minecraft:andesite":1,"rustic_faming_and_decor:squash_item":8,"minecraft:spruce_log":1,"minecraft:wooden_pickaxe":3},"minecraft:broken":{"minecraft:stone_pickaxe":1,"minecraft:stone_axe":2,"minecraft:stone_shovel":1,"cyclic:copper_pickaxe":2},"minecraft:killed":{"minecraft:spider":1,"minecraft:skeleton":1,"minecraft:pig":4,"minecraft:creeper":2,"minecraft:sheep":9,"minecraft:pillager":8,"minecraft:zombie":3,"minecraft:cow":5},"minecraft:crafted":{"cyclic:copper_pickaxe":3,"minecraft:oak_planks":420,"minecraft:cobblestone_slab":6,"minecraft:barrel":1,"minecraft:oak_pressure_plate":1,"rustic_faming_and_decor:cheese_press":1,"cyclic:crafting_stick":1,"cfm:stripped_oak_upgraded_fence":24,"minecraft:glass":6,"cfm:oak_blinds":6,"minecraft:chest":2,"handcrafted:wood_plate":3,"cyclic:copper_sword":1,"cfm:oak_kitchen_counter":8,"cyclic:copper_lantern":4,"rustic_faming_and_decor:churn":1,"minecraft:oak_fence":21,"minecraft:oak_slab":132,"minecraft:crafting_table":3,"minecraft:spruce_planks":96,"minecraft:wooden_pickaxe":2,"rustic_faming_and_decor:pitchfork":1,"cyclic:copper_axe":1,"cyclic:copper_pressure_plate":1,"minecraft:copper_ingot":48,"minecraft:campfire":2,"travelersbackpack:red_sleeping_bag":1,"rechiseled:chisel":1,"minecraft:charcoal":6,"minecraft:stick":8,"minecraft:iron_ingot":2,"minecraft:stone_shovel":2,"comforts:sleeping_bag_white":1,"minecraft:furnace":2,"cyclic:copper_nugget":36,"minecraft:oak_trapdoor":4,"minecraft:glass_pane":16,"rustic_faming_and_decor:flour_mill":1,"travelersbackpack:white_sleeping_bag":1,"rustic_faming_and_decor:oak_cab":1,"minecraft:ladder":3,"minecraft:stone_pickaxe":1,"minecraft:spruce_boat":2,"minecraft:red_dye":1,"minecraft:bucket":1,"rustic_faming_and_decor:cutting_board":1,"minecraft:stone_axe":3,"minecraft:bread":10,"minecraft:air":0,"rustic_faming_and_decor:wooden_scythe":1,"minecraft:oak_fence_gate":1,"cfm:oak_desk":2,"minecraft:wooden_axe":2,"minecraft:oak_stairs":52,"cfm:oak_bedside_cabinet":2,"minecraft:white_bed":1,"rustic_faming_and_decor:wooden_rake":3,"cfm:oak_chair":4,"minecraft:torch":100,"mcwdoors:oak_barn_door":2}},"DataVersion":3465}